"author","count_publications","nova_author"
"Abboubi,ME",1,"no"
"Aboagye,E",1,"no"
"Aboutajdine,S",2,"no"
"Abrantes,ACM",5,"no"
"Abrantes,JL",3,"no"
"Abreu,AM",1,"no"
"AbreuNovais,M",1,"no"
"Adão,B",4,"no"
"Addison,JT",4,"no"
"Adelino,M",1,"no"
"Adeojo,O",1,"no"
"Afonso,A",19,"no"
"Afonso,S",1,"no"
"Agante,L",3,"yes"
"Agnello,L",3,"no"
"AguiarConraria,L",1,"no"
"Ahammad,M",1,"no"
"Ahammad,MF",1,"no"
"Ahuja,S",1,"no"
"Aker,JC",1,"no"
"Akfirat,SA",1,"no"
"Alam,S",1,"no"
"Albuquerque,IF",1,"yes"
"Albuquerque,R",1,"no"
"Alcaraz,JM",1,"no"
"Almeida,H",2,"no"
"Almeida,P",4,"no"
"Almeida,SVD",2,"yes"
"AlmeidaCosta,A",1,"yes"
"AlmeidaCosta,L",2,"yes"
"AlmeidaSantos,L",1,"no"
"Alvarenga,A",3,"yes"
"Alves,C",1,"yes"
"Alves,J",2,"no"
"Alves,JRR",1,"no"
"Alves,M",3,"no"
"Amador,J",10,"yes"
"Amaral,L",6,"yes"
"Amarante,MV",2,"no"
"AmarodeMatos,J",6,"yes"
"AméRico,B",1,"no"
"Américo,BL",1,"no"
"AmorimLopes,M",2,"no"
"An,Z",1,"no"
"Anastácio,C",1,"no"
"Andraz,JM",1,"no"
"Andraz,JMLG",1,"no"
"Andresen,MA",1,"no"
"Angelo,C",1,"yes"
"Angwin,DN",2,"no"
"Anigo,D",1,"no"
"Anjos,F",4,"yes"
"Antonacopoulou,EP",1,"no"
"António,C",1,"no"
"António,N",2,"no"
"Antunes,A",3,"yes"
"Antunes,AA",3,"yes"
"Antunes,AC",1,"no"
"Armand,A",5,"yes"
"Arnott,R",1,"no"
"Aroles,J",1,"no"
"Arrigoni,M",1,"no"
"Arroja,L",1,"no"
"Arthurs,JD",1,"no"
"Aruta,JJBR",1,"no"
"Asad,S",2,"no"
"Ascorbebeitia,J",2,"no"
"Asseraf,Y",1,"no"
"Åstebro,T",2,"no"
"Attanasio,O",1,"no"
"Atwell,P",1,"no"
"Atyera,M",1,"no"
"Augsburg,B",2,"no"
"Aust,I",2,"no"
"Avanzi,L",1,"no"
"Awasthi,M",1,"no"
"Ayesiga,GE",1,"no"
"AyusoMateos,JL",1,"no"
"Azevedo,S",1,"no"
"Baba,V",1,"no"
"Baddeley,M",1,"no"
"Baghai,RP",1,"no"
"Baines,T",1,"no"
"Bal,PM",1,"no"
"Balboa,M",1,"no"
"BalcaoReis,A",1,"no"
"BalcãoReis,A",4,"yes"
"Baldé,A",1,"no"
"Ballada,CJA",1,"no"
"Ban,J",1,"no"
"BanaECosta,CA",1,"no"
"Banbury,C",2,"no"
"Bancalari,A",2,"no"
"Bancessi,A",5,"yes"
"Bancessi,Q",1,"no"
"Bandeira,S",4,"no"
"Bandeira,SO",1,"no"
"Barbas,M",2,"no"
"Barbosa,L",1,"no"
"BarbosaPóvoa,A",2,"no"
"Barbuto,JE",3,"no"
"Bardon,T",1,"no"
"Barnes,B",1,"no"
"Barreira,AP",3,"no"
"BarrioCastro,TD",1,"no"
"Barros,L",2,"no"
"Barros,PP",38,"yes"
"Barros,PPFerreira",1,"no"
"Barroso,P",3,"no"
"Barry,D",3,"yes"
"Barteldes,FS",1,"no"
"Basto,R",1,"yes"
"Batista,AC",1,"no"
"Batista,C",9,"yes"
"Batista,MDG",1,"no"
"BatistaSantos,P",1,"no"
"Baunsgaard,VV",1,"no"
"Bazarov,T",1,"no"
"Bazillier,R",1,"no"
"Beck,T",1,"no"
"Bednarek,R",4,"no"
"Bedon,C",2,"no"
"Behrens,GMN",1,"no"
"Behrens,K",1,"no"
"Beiroã,G",1,"no"
"Beja,P",1,"no"
"Bélanger,F",1,"no"
"Belo,R",2,"yes"
"Bena,J",1,"no"
"Bento,M",1,"no"
"Bento,R",1,"no"
"Berredo,RFD",1,"no"
"Bertau,M",1,"no"
"Berti,M",3,"no"
"Bessant,J",1,"no"
"Biesenthal,C",3,"no"
"Biron,C",1,"no"
"BjörkmanNyqvist,M",2,"no"
"Blanchard,O",1,"no"
"Bluhm,D",2,"no"
"Bluhm,DJ",1,"no"
"Bobbio,A",1,"no"
"Bobeica,E",1,"no"
"Bodla,AA",1,"no"
"Bonfim,D",5,"no"
"Boons,M",5,"yes"
"Bord,VM",2,"no"
"Borisova,E",1,"no"
"Borrell,C",1,"no"
"Bosancianu,CM",2,"no"
"Bosello,F",2,"no"
"Boski,T",2,"no"
"Boto,P",1,"no"
"Bottazzi,JM",1,"no"
"Boucinha,M",1,"yes"
"Bourek,A",1,"no"
"Bourreau,M",8,"no"
"BragadeMacedo,J",1,"yes"
"Brammer,S",1,"no"
"Branco,JDC",1,"no"
"BrandaoMarques,L",1,"no"
"Brandl,J",2,"no"
"BrásGeraldes,C",3,"yes"
"Braun,G",1,"no"
"Brazinha,C",1,"yes"
"Breitsohl,H",1,"no"
"Brewster,C",2,"no"
"Brilhante,M",3,"no"
"Brinca,P",6,"yes"
"BritesPereira,L",2,"yes"
"Brito,D",1,"yes"
"Brito,DRA",1,"no"
"Brookes,M",1,"no"
"Brounen,D",1,"no"
"Brouwer,W",1,"no"
"Brouwer,WBF",4,"no"
"Brown,DP",1,"no"
"Brueckner,JK",2,"no"
"Bruhin,A",1,"no"
"Bunjak,A",1,"no"
"Burdon,S",2,"no"
"Burnett,S",1,"no"
"Bustinza,OF",11,"no"
"By,RT",1,"no"
"Cabral,P",4,"yes"
"Cabral,PDCB",1,"no"
"Cabral,S",5,"no"
"Caeiro,RM",1,"yes"
"Caetano,A",1,"no"
"Cai,RA",1,"no"
"Cairo,AH",1,"no"
"CaldasAfonso,A",1,"no"
"Calhelha,RC",1,"no"
"Cambini,C",8,"no"
"Campello,M",1,"no"
"Campos,FS",2,"yes"
"CamposeCunha,L",1,"yes"
"Can,AB",1,"no"
"Cancro,D",1,"no"
"Canhão,H",3,"yes"
"Cappariello,R",1,"no"
"Cardona,MJ",1,"no"
"Cardoso,E",1,"no"
"Cardoso,S",1,"no"
"CardosoCosta,JM",1,"yes"
"CardosoGrilo,T",2,"no"
"Carlsen,A",1,"no"
"Carmeli,A",3,"no"
"Carmine,S",2,"no"
"Carneiro,A",3,"no"
"Carneiro,P",1,"no"
"Carqueja,HO",1,"no"
"Carradus,A",1,"no"
"Carvalho,A",1,"no"
"Carvalho,BP",1,"no"
"Carvalho,D",1,"no"
"Carvalho,H",1,"no"
"Carvalho,JC",1,"yes"
"Carvalho,M",2,"no"
"CarvalhoSantos,C",1,"no"
"Castanheira,F",24,"yes"
"Castanheira,FVDS",1,"no"
"Castro,IVE",1,"no"
"Castro,TDB",1,"no"
"Castro,V",3,"no"
"CastroSoeiro,F",1,"yes"
"Catalão,JPS",1,"no"
"Catarino,L",6,"no"
"Catarino,S",3,"no"
"Cavalcanti,T",2,"no"
"Cavaliere,G",2,"no"
"Cavaliere,V",1,"no"
"Cavaliereâ,G",1,"no"
"Cavazotte,F",2,"no"
"Cerdeira,JM",1,"no"
"Černe,M",1,"no"
"Cesário,F",2,"no"
"Cevik,S",1,"no"
"Chambel,MJ",18,"no"
"Champion,S",1,"no"
"Chan,A",2,"no"
"Chandler,T",1,"no"
"Charrua,AB",5,"yes"
"Chatterjee,A",2,"no"
"Chauque,A",1,"no"
"Chaves,C",1,"no"
"Chaves,P",1,"yes"
"Cheal,J",2,"no"
"Cheema,A",1,"no"
"Child,J",1,"no"
"Choi,DB",1,"no"
"Christopoulos,GI",2,"no"
"Cipriano,F",2,"yes"
"Ćirić,A",2,"no"
"Clegg,S",84,"yes"
"Clegg,SR",6,"yes"
"Clerkin,C",1,"no"
"Clougherty,JA",1,"no"
"Coelho,JP",1,"no"
"Coelho,P",2,"no"
"CoelhoDoVale,R",1,"no"
"Coimbra,JL",1,"no"
"Čolić,MV",1,"no"
"Collier,P",2,"no"
"Collins,E",1,"no"
"Collinson,S",1,"no"
"Colón,C",1,"no"
"Conceição,A",1,"no"
"Conceição,C",2,"no"
"Consiglio,I",3,"yes"
"Cool,K",1,"no"
"Cooper,CL",1,"no"
"Cordes,BL",1,"no"
"CorreaCaro,C",1,"no"
"Correia,A",2,"no"
"Correia,AG",1,"no"
"Correia,AM",2,"no"
"Correia,MF",1,"no"
"CorreiaLeal,C",1,"no"
"Corsetti,G",1,"no"
"Costa,A",2,"no"
"Costa,AA",1,"no"
"Costa,C",4,"no"
"Costa,E",1,"yes"
"Costa,JR",1,"no"
"Costa,L",2,"yes"
"Costa,S",5,"yes"
"Costa,SP",3,"no"
"Costabile,M",1,"no"
"CostaDuarte,MC",1,"no"
"CotaMedeiros,F",1,"no"
"Coutts,A",3,"yes"
"Craveiro,I",1,"yes"
"Cremers,M",1,"no"
"Crespo,CF",2,"no"
"Crespo,JG",1,"yes"
"Crespo,NF",1,"no"
"CrespoSoler,C",1,"no"
"Crevani,L",1,"no"
"Cruz,J",1,"no"
"Cui,L",1,"no"
"Cui,Y",1,"no"
"Cunha,I",3,"yes"
"Cunha,JV",1,"no"
"Cunha,MP",82,"yes"
"Cunha,MPE",35,"yes"
"Cunha,R",6,"yes"
"CunhaeSá,MA",9,"yes"
"CunhaESá,MA",1,"yes"
"Custódio,C",1,"yes"
"Cuypers,IRP",2,"no"
"Cuypers,Y",2,"yes"
"Dafny,L",1,"no"
"Dagher,G",1,"no"
"Dagher,GK",1,"no"
"Daher,P",1,"no"
"Dai,Q",2,"yes"
"Dalğar,İ",1,"no"
"daMata,A",1,"no"
"dArminioMonforte,A",1,"no"
"DaRochaLopes,S",1,"no"
"daSilva,CV",1,"yes"
"DaSilva,SV",1,"no"
"daSilveira,C",1,"yes"
"Davel,E",1,"no"
"David,G",1,"no"
"David,J",1,"no"
"deAlmeida,JMC",1,"no"
"DeAngelis,M",1,"no"
"DeBernardis,L",1,"no"
"deCarvalho,JC",1,"yes"
"Decreton,B",2,"yes"
"DeCuyper,N",1,"no"
"DeGiorgi,E",1,"yes"
"deGiovanni,P",3,"yes"
"DelaTorreRosas,A",1,"no"
"Delavande,A",9,"yes"
"DelBarrioCastro,T",2,"no"
"DeMaeseneer,J",2,"no"
"deMello,L",1,"no"
"Demirbag,M",1,"no"
"Demirci,I",1,"yes"
"Demiroglu,C",1,"no"
"DenAmbtman,A",1,"no"
"Deng,M",2,"no"
"Dentinho,T",3,"no"
"deOliveira,G",1,"no"
"DePourcq,K",1,"no"
"DeRegge,M",1,"no"
"deRoon,F",1,"no"
"deSousa,AAG",1,"no"
"deSousa,L",1,"no"
"deSousa,MO",1,"no"
"DeSousa,RD",2,"yes"
"Deudon,JC",1,"no"
"DeWitte,H",1,"no"
"Dias,AC",1,"no"
"Dias,AL",2,"no"
"Dias,DA",1,"no"
"Dias,F",2,"no"
"Dias,J",1,"no"
"Dias,JA",1,"no"
"Dias,JC",1,"yes"
"Dias,JG",1,"no"
"Dias,MI",1,"no"
"Dias,SS",1,"yes"
"Dibben,P",1,"no"
"Dickenbrok,C",1,"no"
"Didier,P",2,"yes"
"Dierickx,I",1,"no"
"Dille,T",1,"no"
"Diniz,EH",1,"no"
"DiscuaCruz,A",1,"no"
"Doh,JP",1,"no"
"Doruk,I",1,"no"
"Dotson,JP",1,"no"
"Dovey,K",1,"no"
"Dranove,D",1,"no"
"Draper,D",1,"no"
"Duan,W",1,"no"
"Duarte,C",1,"no"
"Duarte,E",2,"no"
"Duarte,F",1,"no"
"Duarte,JB",3,"yes"
"Duarte,MC",1,"no"
"Duarte,MP",1,"no"
"Dumont,KB",1,"no"
"Dursun,P",1,"no"
"Dussault,G",2,"no"
"Duyan,EC",1,"no"
"Dysvik,A",1,"no"
"Edelmann,CM",1,"no"
"Eisenberger,R",3,"no"
"Eliášová,M",1,"no"
"Epitropaki,O",1,"no"
"Ercolani,V",4,"no"
"Ertug,G",1,"no"
"EspositoVinzi,V",1,"no"
"Essoh,AP",5,"yes"
"Esteves,C",1,"no"
"Esteves,PS",2,"no"
"Estrada,E",2,"no"
"Evans,R",1,"no"
"Evans,RB",1,"no"
"Ezeokoli,OT",1,"no"
"Fafchamps,M",2,"no"
"Fagandini,P",1,"yes"
"Fagundes,JA",1,"no"
"Faias,JA",2,"no"
"Faias,M",1,"yes"
"Falcão,PF",1,"no"
"Fangueiro,D",2,"no"
"Fareleira,P",1,"no"
"Faria,AR",3,"no"
"FariaeCastro,M",1,"no"
"Farias,C",1,"no"
"Farinha,L",1,"no"
"Faroleiro,P",1,"yes"
"Faust,NT",2,"yes"
"Félix,S",3,"yes"
"Felíx,SMC",1,"yes"
"Fernandes,A",1,"no"
"Fernandes,Â",2,"no"
"Fernandes,AF",1,"no"
"Fernandes,JS",1,"no"
"Fernandes,M",2,"no"
"Fernandes,N",1,"no"
"Fernandes,S",1,"no"
"FernandesFerreira,L",1,"yes"
"Fernandez,KC",1,"no"
"Ferraz,DP",6,"yes"
"Ferreira,A",1,"no"
"Ferreira,AI",10,"no"
"Ferreira,D",2,"no"
"Ferreira,E",2,"no"
"Ferreira,FAF",2,"no"
"Ferreira,ICFR",2,"no"
"Ferreira,L",5,"yes"
"Ferreira,LF",5,"yes"
"Ferreira,MA",20,"yes"
"Ferreira,MH",1,"no"
"Ferreira,P",1,"no"
"Ferreira,PC",1,"no"
"Ferreira,PL",1,"yes"
"Ferreira,V",2,"no"
"FerreiradaSilva,JA",4,"yes"
"FerreiraLopes,A",1,"no"
"FerreiraMachado,JA",1,"no"
"FerreiraMagalhães,M",1,"no"
"Ferro,A",1,"no"
"Fialho,T",1,"no"
"Figueiredo,M",1,"no"
"Figuli,L",1,"no"
"Filipe,L",1,"no"
"Finimundy,TC",1,"no"
"FlorLima,F",1,"no"
"Fonseca,FB",1,"yes"
"Fonseca,V",1,"no"
"Fontes,MA",1,"no"
"Forseth,U",1,"no"
"Fortes,A",3,"no"
"Fracassi,C",1,"no"
"Fracchia,M",1,"yes"
"Frade,PMS",1,"no"
"Fragata,JIG",1,"no"
"Fragoso,P",3,"no"
"Franco,F",2,"yes"
"Franco,SF",7,"yes"
"Frangos,JM",2,"no"
"Frankowska,N",1,"no"
"Fransen,K",1,"no"
"Franzoni,AMB",1,"no"
"Freeder,D",1,"no"
"Freitas,Â",1,"no"
"Freitas,E",1,"no"
"Freitas,L",1,"no"
"Freitas,P",1,"no"
"Freitas,R",1,"no"
"Friedman,L",2,"no"
"Furceri,D",2,"no"
"Gabriel,Y",1,"no"
"Gaim,M",5,"no"
"GalanLadero,M",1,"no"
"Galante,J",1,"no"
"Galinha,CF",2,"yes"
"GarcíaAel,C",1,"no"
"GarciaAlegre,AG",1,"no"
"Gardete,PM",1,"yes"
"Ge,J",1,"no"
"Genzlinger,F",1,"no"
"Georgiev,I",4,"yes"
"Geppert,M",1,"no"
"Gerasymenko,V",1,"yes"
"Ghattas,H",1,"no"
"Giessner,S",1,"no"
"GilLópez,Á",1,"no"
"Gimeno,J",1,"no"
"Gino,F",1,"no"
"Girard,V",3,"yes"
"Giudice,MD",1,"no"
"Giustiniano,L",11,"yes"
"Glaister,AJ",2,"no"
"Glaister,KW",1,"no"
"Gomes,AMF",2,"yes"
"Gomes,E",30,"yes"
"Gomes,I",1,"no"
"Gomes,JF",1,"no"
"Gomes,JFS",3,"no"
"Gomes,LA",1,"no"
"Gomes,PJ",2,"no"
"Gomes,S",1,"yes"
"Gonçalves,C",3,"yes"
"Gonçalves,D",1,"no"
"Gonçalves,I",1,"no"
"Gonçalves,J",6,"yes"
"Gonçalves,L",2,"yes"
"Gonçalves,LAP",2,"no"
"Gonçalves,MC",1,"no"
"Gonçalves,R",2,"no"
"GonçalvesSá,J",1,"yes"
"GonzálezDeJulián,S",2,"no"
"GonzálezMorales,MG",2,"no"
"Gouveia,A",3,"yes"
"Gouveia,AF",6,"yes"
"Gouveia,CM",1,"no"
"GouveiaBarros,V",1,"no"
"Graca,J",1,"yes"
"Grácio,M",2,"no"
"Gramacho,F",1,"no"
"Granter,E",1,"no"
"Gregório,MJ",2,"yes"
"Greve,T",2,"no"
"Griffith,DA",2,"no"
"Grosman,A",1,"no"
"Gudergan,S",1,"no"
"Guðjónsson,HV",1,"no"
"GuedesSoares,C",1,"no"
"Guerin,AM",1,"no"
"Guerra,S",2,"yes"
"Guerreiro,J",1,"no"
"Guerreiro,RFC",1,"no"
"Guerreiro,S",1,"yes"
"Gui,DM",1,"no"
"GuillamonSaorin,E",1,"no"
"Guimarães,MH",6,"no"
"Guimarães,P",2,"no"
"GuimarãesCosta,N",3,"yes"
"GuimarãesdaCosta,N",1,"no"
"Guinote,A",5,"yes"
"Gunnarsdottir,S",1,"no"
"Guo,L",1,"no"
"Gupta,S",2,"no"
"Gusmão,R",1,"no"
"Gusmão,RD",1,"no"
"GutiérrezMartínez,I",1,"no"
"Haas,S",1,"no"
"Habib,N",1,"no"
"Hadi,R",1,"no"
"Hadjiyiannis,C",1,"no"
"Hajek,A",1,"no"
"Hakanen,J",1,"no"
"HåkonsenColdevin,G",1,"no"
"Hale,G",1,"no"
"Hall,CJ",1,"no"
"Han,Q",1,"no"
"Harbord,D",2,"no"
"Harris,A",1,"no"
"Hartig,S",1,"no"
"Hartz,Z",2,"no"
"Harvey,A",1,"no"
"Haslam,SA",1,"no"
"Hassani,H",1,"no"
"Hassler,U",2,"no"
"Havik,PJ",1,"no"
"HemonnetGoujot,A",1,"no"
"Herber,C",1,"no"
"HerédiaColaço,V",1,"yes"
"HernándezLinares,R",1,"no"
"Hitzelberger,S",1,"no"
"Hochman,G",1,"no"
"Hoekstra,H",1,"no"
"Hoernig,S",20,"yes"
"Hoernig,SH",1,"yes"
"Hollinshead,G",1,"no"
"Holter,HA",2,"yes"
"Honfi,D",1,"no"
"Hong,Y",1,"no"
"Hortinha,P",1,"no"
"Hu,CP",1,"no"
"Huang,J",1,"no"
"Huart,F",2,"no"
"Huffstot,J",1,"yes"
"Husse,T",1,"no"
"Huszár,ZR",1,"no"
"Iakovleva,TA",1,"no"
"Iannotta,G",1,"no"
"IlhaVillanova,AL",1,"no"
"Ilhéu,C",1,"no"
"Inderst,R",1,"no"
"Isidro,H",4,"no"
"Ismael,F",2,"yes"
"Ivanov,I",1,"no"
"Ivanov,IT",2,"no"
"Iyer,R",1,"no"
"Jacinto,C",1,"no"
"Jacinto,MJ",1,"no"
"Jack,S",1,"no"
"Jaeger,DS",1,"no"
"Jäger,C",1,"no"
"Jahanmir,SF",3,"yes"
"Jalles,JT",43,"yes"
"Jansen,PGW",1,"no"
"Jarvis,WP",2,"no"
"Jay,S",2,"no"
"Jennings,R",1,"no"
"Jingjing,L",1,"no"
"Johnson,SK",1,"no"
"Jordão,F",1,"no"
"Jorgensen,F",1,"no"
"Josserand,E",2,"no"
"JoyGaba,J",1,"no"
"Júlio,P",3,"yes"
"Júnior,DR",3,"no"
"Justino,D",3,"yes"
"Kainz,MJ",1,"no"
"Kamoche,K",1,"no"
"Kandampully,J",1,"no"
"Kang,CM",1,"no"
"Karagonlar,G",2,"no"
"Karehnke,P",1,"no"
"Kastenholz,E",1,"no"
"Kaufmann,D",1,"no"
"Keegan,A",2,"no"
"Kelle,P",1,"no"
"Keller,J",2,"no"
"Kelsey,T",1,"no"
"Kerschreiter,R",1,"no"
"Keswani,A",3,"no"
"Khan,Z",1,"no"
"KilicCelik,S",1,"no"
"Killen,CP",1,"no"
"Kim,M",1,"no"
"Kim,S",1,"no"
"Knoll,M",1,"no"
"Koene,B",1,"no"
"Kohler,HP",1,"no"
"Konetzka,RT",1,"no"
"König,HH",1,"no"
"Kopliku,A",1,"no"
"Kotabe,M",1,"no"
"Kousi,S",1,"yes"
"Kozłowski,M",1,"no"
"Kracke,N",1,"no"
"Kringos,D",2,"no"
"Kronenberg,C",1,"no"
"Krumhuber,EG",1,"no"
"Krusell,P",1,"no"
"Kumar,N",1,"no"
"Kupor,DM",1,"no"
"Kurtuluş,M",1,"no"
"Kwiatkowski,L",1,"no"
"Lacerda,A",1,"no"
"Lafuente,E",2,"no"
"Lages,C",3,"yes"
"Lages,LF",16,"yes"
"Lamelas,JP",1,"no"
"Lampreia,J",1,"no"
"Lancione,M",1,"no"
"Lapão,LV",1,"no"
"Lapolli,EM",1,"no"
"Lapolli,J",1,"no"
"Laubichler,MD",1,"no"
"Laureano,L",1,"no"
"Laux,P",1,"no"
"Lazarević,D",1,"no"
"Lazarević,LB",1,"no"
"Lê,JK",2,"no"
"Leal,S",4,"no"
"LebredeFreitas,M",2,"yes"
"Leca,B",1,"no"
"Lechene,V",1,"no"
"Lee,J",1,"no"
"Leeffers,S",1,"no"
"Lehman,D",1,"no"
"Lehman,DW",1,"no"
"Lehtonen,L",3,"no"
"Leitão,AEB",1,"no"
"Leite,AP",1,"no"
"Lemoine,JE",1,"no"
"Lengler,J",1,"no"
"Lewis,V",1,"no"
"Li,J",1,"no"
"Li,T",1,"no"
"Li,X",1,"no"
"Liberal,Â",2,"no"
"Lillebø,AI",1,"no"
"Lima,D",1,"no"
"Lindenberg,S",1,"no"
"Lindsay,G",1,"no"
"Ling,DC",1,"no"
"Lionis,C",2,"no"
"Lisboa,A",1,"no"
"Lisovskaya,A",1,"no"
"Lisowskaia,A",1,"no"
"Liu,J",1,"no"
"Liu,W",1,"no"
"Liu,Y",1,"no"
"Lobo,ML",1,"no"
"Lombardi,S",1,"no"
"Lopes,AF",1,"yes"
"Lopes,AM",4,"no"
"Lopes,FV",1,"no"
"Lopes,IT",6,"no"
"Lopes,JM",1,"no"
"Lopes,MP",3,"yes"
"Lopes,S",4,"yes"
"Lopes,SR",1,"yes"
"López,A",2,"yes"
"Lourenço,N",3,"no"
"LourençodeMoraes,R",1,"no"
"LourençoGil,R",2,"no"
"Luiz,JM",1,"no"
"Luque,J",2,"no"
"Luthans,F",2,"no"
"Macchiavelli,M",1,"no"
"Macdonald,JL",4,"yes"
"Macedo,JBD",1,"no"
"Mach,M",3,"no"
"Machado,JAF",1,"yes"
"Machado,JAT",4,"no"
"Machado,JT",2,"no"
"Machalická,KV",1,"no"
"Macours,K",1,"no"
"Madureira,L",5,"no"
"Magalhaes,A",1,"no"
"Magalhães,PC",1,"no"
"Máguas,C",1,"no"
"Mahalingam,A",5,"no"
"Mahmood,T",1,"no"
"Maio,P",4,"no"
"Major,M",2,"yes"
"Major,MJ",7,"yes"
"Malafry,L",3,"no"
"Malik,AA",2,"no"
"Maluccio,JA",1,"no"
"Mamédio,DF",1,"no"
"Mann,S",1,"no"
"Manski,CF",1,"no"
"Manso,G",1,"no"
"ManuelLuiz,J",1,"no"
"Maor,C",1,"no"
"Maquia,ISA",1,"no"
"MarcoFranco,JE",2,"no"
"Mariano,B",1,"no"
"Mário,AM",1,"no"
"Markman,GD",2,"no"
"Marques,A",8,"yes"
"Marques,AC",1,"yes"
"Marques,AP",1,"no"
"Marques,C",4,"no"
"Marques,I",2,"no"
"Marques,ISS",1,"no"
"Marques,S",1,"no"
"MarquesGomes,J",1,"no"
"MarquesPita,M",1,"no"
"Marreiros,H",1,"yes"
"Martin,X",1,"no"
"Martinez,E",1,"no"
"Martinez,LF",29,"yes"
"Martinez,LM",4,"no"
"MartinezGiralt,X",1,"no"
"Martins,AM",1,"no"
"Martins,JO",2,"no"
"Martins,LD",1,"no"
"Martins,LF",3,"no"
"Martins,MM",1,"no"
"Martins,NC",1,"no"
"Martins,PS",6,"yes"
"Massa,M",1,"no"
"Massinga,R",1,"no"
"MastersWaage,TC",1,"no"
"Mastio,EA",1,"no"
"Mastrandrea,R",1,"no"
"Mata,E",1,"yes"
"Mata,J",7,"yes"
"Mata,ME",20,"yes"
"Matallana,M",1,"no"
"Matias,MA",3,"yes"
"Matos,O",1,"no"
"Matos,P",10,"no"
"Matosc,P",1,"no"
"Mbanze,AA",10,"yes"
"McAndrews,JJ",1,"no"
"McGuirk,EF",1,"no"
"McindoeCalder,T",1,"no"
"McKee,M",2,"no"
"McMurry,N",2,"no"
"Mehra,A",1,"no"
"Meisiek,S",3,"yes"
"Mellahi,K",6,"no"
"Melo,A",2,"no"
"Melo,AI",1,"no"
"Melo,MR",1,"no"
"Menon,S",1,"no"
"Mergulhao,J",1,"no"
"Meriggi,NF",2,"no"
"Mesdaghinia,S",1,"no"
"Mesquita,J",1,"no"
"Meyer,B",1,"no"
"Meyer,M",2,"no"
"Meyer,V",1,"no"
"MeyerJr,V",1,"no"
"Miambo,RD",1,"no"
"Mian,A",1,"no"
"Miguel,AF",3,"no"
"Mikkelsen,EN",1,"no"
"Millán,TM",1,"yes"
"Miller,K",1,"no"
"Miner,AS",2,"no"
"Miraglia,M",1,"no"
"Miranda,L",1,"no"
"MironSpektor,E",2,"no"
"Mitev,N",1,"no"
"Moasa,H",1,"no"
"Mobarak,AM",1,"no"
"Moita,B",1,"no"
"MoldãoMartins,M",3,"no"
"MolinaMillán,T",1,"yes"
"Monte,J",2,"yes"
"Monteiro,F",6,"yes"
"Monteiro,G",2,"no"
"Monteiro,N",1,"yes"
"Monteiro,P",1,"yes"
"Mora,C",1,"no"
"Moreira,F",1,"no"
"Morelli,M",1,"no"
"Moreno,D",1,"no"
"Morgan,DP",1,"no"
"Mota,P",1,"yes"
"Mota,R",1,"no"
"Mota,RP",2,"yes"
"Moura,A",1,"no"
"Moura,M",3,"no"
"Moury,C",1,"yes"
"Moutinho,A",1,"no"
"Mudekwe,J",1,"no"
"Mukherjee,A",1,"no"
"MulasGranados,C",3,"no"
"Mulenga,A",1,"yes"
"Munro,I",2,"no"
"Murphy,KJ",1,"no"
"Musacchio,A",1,"no"
"Naar,L",1,"no"
"Nai,J",1,"no"
"Nakkas,A",1,"yes"
"Nannicini,A",1,"no"
"Narayanan,J",1,"no"
"Narciso,G",1,"no"
"Nazareth,T",3,"yes"
"Ndayiragije,A",2,"no"
"Neto,M",1,"no"
"Neu,W",1,"no"
"Neumann,HL",1,"no"
"Neumann,KH",2,"no"
"NeumannBöhme,S",4,"no"
"Neves,MDLG",1,"no"
"Neves,P",43,"yes"
"Neves,RC",1,"no"
"Ng,ES",1,"no"
"Nhantumbo,N",1,"no"
"Nicolau,J",4,"no"
"Nicolopoulou,K",1,"no"
"Nielsen,RK",2,"no"
"Nikolova,N",1,"no"
"Nilssen,T",1,"no"
"Ninan,J",4,"no"
"Norton,MI",1,"no"
"Novo,Á",1,"no"
"Nunes,C",1,"no"
"Nunes,LC",28,"yes"
"OchoaPacheco,P",1,"no"
"Offergeld,T",1,"no"
"Okhmatovskiy,I",5,"yes"
"Oliva,FL",1,"no"
"Oliveira,C",1,"no"
"Oliveira,M",2,"no"
"Oliveira,MD",1,"no"
"Oliveira,MJ",1,"yes"
"Oliveira,P",6,"yes"
"Oliveira,T",1,"no"
"OliveiraCruz,F",3,"no"
"Omer,SB",1,"no"
"OpazoBasaez,M",2,"no"
"Opromolla,LD",1,"no"
"Orbe,S",2,"no"
"Orsato,RJ",1,"no"
"Ortigão,M",2,"no"
"Osiyevskyy,O",1,"no"
"Otrachshenko,V",10,"yes"
"Otto,F",1,"yes"
"Owens,B",2,"no"
"Owens,BP",1,"no"
"Ozbas,O",1,"no"
"Pacheco,M",1,"no"
"Padmanaban,R",2,"yes"
"Pais,MS",1,"no"
"Paiva,O",2,"no"
"Paligorova,T",2,"no"
"Panagopoulos,T",3,"no"
"Paolucci,G",1,"no"
"Papé,L",1,"no"
"Papoila,A",3,"yes"
"PaqueletMoreira,BF",1,"no"
"Parrado,R",1,"no"
"Parreira,C",1,"no"
"Parry,G",2,"no"
"Parzuchowski,M",1,"no"
"Páscoa,M",1,"yes"
"Passos,AM",4,"no"
"Patel,C",1,"no"
"Patto,JV",1,"no"
"Paulino,M",1,"no"
"Pauly,MV",1,"no"
"Peitz,M",1,"no"
"Peixinho,R",1,"no"
"Pena,AR",1,"no"
"Pennacchi,G",1,"no"
"Pennacchi,GG",2,"no"
"Peralta,S",4,"yes"
"Pereira,A",3,"no"
"Pereira,BÁ",2,"yes"
"Pereira,JP",5,"yes"
"Pereira,VJ",1,"no"
"Pereira,ZP",1,"no"
"PereiradosSantos,J",7,"yes"
"PereiraDosSantos,J",1,"yes"
"PereiraLopes,M",1,"no"
"PereiraNeto,R",1,"no"
"Perelman,J",6,"yes"
"PerezNebra,A",1,"no"
"PerezNebra,AR",1,"no"
"Peristiani,S",1,"no"
"Pesquita,V",1,"no"
"Peter,E",1,"no"
"Peydró,JL",1,"no"
"Picard,PM",1,"no"
"Piccolo,S",1,"no"
"Pimentel,L",1,"no"
"Pin,JR",1,"no"
"Pina,JP",1,"yes"
"PinaeCunha,M",3,"no"
"Pinela,J",2,"no"
"Pinheiro,JA",1,"no"
"Pinheiro,M",2,"no"
"PinheiroAlves,R",1,"no"
"Pinho,I",1,"no"
"Pinho,P",1,"yes"
"Pinnington,AH",1,"no"
"Pinto,A",1,"no"
"Pinto,MMF",1,"no"
"Pippo,F",1,"no"
"Pires,CA",1,"no"
"Pires,D",2,"no"
"Pires,P",4,"yes"
"PitaBarros,P",1,"yes"
"Pitsis,T",2,"no"
"Pitsis,TS",3,"no"
"Plăiaş,I",2,"no"
"Plosser,MC",2,"no"
"Plückebaum,T",1,"no"
"Plueckebaum,T",1,"no"
"Pollack,J",1,"no"
"Pollitt,M",1,"no"
"Polónia,D",1,"no"
"Popova,O",5,"no"
"Portela,M",1,"no"
"Portugal,P",10,"yes"
"Potin,J",2,"no"
"Pouthier,V",2,"no"
"Pozzebon,M",1,"no"
"Pradies,C",2,"no"
"Prado,MP",7,"yes"
"Preto,MT",1,"no"
"Puopolo,GW",1,"no"
"Putnam,LL",1,"no"
"Queiroga,H",1,"no"
"Queiroz,R",1,"yes"
"Quintano,M",1,"no"
"Quinteiro,P",1,"no"
"Rabetino,R",1,"no"
"Rahim,F",1,"yes"
"Ramalho,JC",2,"yes"
"Ramos,CMQ",1,"no"
"Ramos,SB",3,"no"
"Randerson,K",1,"no"
"Rando,B",1,"no"
"Rangel,J",2,"no"
"Rangvid,J",1,"no"
"Raposo,M",2,"no"
"Raposo,P",1,"no"
"Ratner,KG",1,"no"
"Reagans,R",1,"no"
"Reb,J",1,"no"
"Rebelo,E",2,"no"
"Rego,A",73,"no"
"Rego,I",2,"no"
"Rego,PJR",1,"no"
"Reino,L",1,"no"
"Reis,AB",2,"no"
"Reis,C",1,"no"
"Reis,D",1,"no"
"Reis,G",1,"no"
"Reis,M",2,"no"
"Reis,TAD",1,"no"
"ReisJunior,D",1,"no"
"ReisJúnior,D",2,"no"
"Restrepo,F",1,"no"
"Ribeiro,L",1,"no"
"Ribeiro,N",2,"no"
"Ribeiro,NS",6,"no"
"Ribeiro,P",1,"no"
"Ribeiro,PF",1,"no"
"Ribeiro,T",1,"no"
"RibeiroBarros,A",3,"no"
"Ribeirobarros,AI",1,"no"
"RibeiroBarros,AI",3,"yes"
"Ricard,A",1,"no"
"Ricciardi,W",1,"no"
"Richman,DD",1,"no"
"Ringstad,B",1,"yes"
"RipollFeliu,V",1,"no"
"Rito,C",1,"no"
"Rivaes,R",2,"no"
"RobertTaylor,AM",3,"no"
"Rocha,B",1,"no"
"Rocha,M",3,"yes"
"Rodrigues,A",2,"no"
"Rodrigues,AM",4,"yes"
"Rodrigues,AMG",1,"no"
"Rodrigues,AP",1,"no"
"Rodrigues,F",1,"no"
"Rodrigues,FR",1,"yes"
"Rodrigues,JMF",1,"no"
"Rodrigues,LL",1,"no"
"Rodrigues,M",2,"yes"
"Rodrigues,MS",1,"no"
"Rodrigues,P",5,"yes"
"Rodrigues,PMM",26,"yes"
"Rodrigues,RA",1,"no"
"Rodrigues,RI",2,"no"
"Rodrigues,TC",1,"yes"
"Rodrigues,V",1,"no"
"RodriguesdaCosta,J",3,"yes"
"RodriguesdaCosta,JC",1,"no"
"Rodríguez,R",1,"no"
"RodriguezCarvajal,R",1,"no"
"Roger,G",1,"no"
"Rogers,HL",2,"no"
"Rohwedder,S",1,"no"
"Roldão,M",1,"no"
"Román,ES",1,"no"
"Romao,J",1,"no"
"Romeiras,MM",9,"no"
"Romero,AM",1,"no"
"Rosa,R",6,"yes"
"Rosado,P",1,"no"
"Rothman,D",1,"no"
"Roxo,G",2,"no"
"Røyrvik,EA",1,"no"
"Rua,A",18,"yes"
"Rubia,A",4,"no"
"Ruderman,MN",1,"no"
"Ruhle,SA",1,"no"
"Ruivo,P",1,"no"
"Russo,G",5,"no"
"Ruzzenenti,F",1,"no"
"Ryser,VA",1,"no"
"Sá,AB",1,"no"
"Sá,M",2,"yes"
"Sabat,I",5,"yes"
"Sacavém,A",1,"no"
"Saffi,PAC",1,"no"
"SáGuerreiro,C",2,"no"
"Sahadev,S",3,"no"
"Salamandane,C",1,"no"
"Salt,MJ",1,"no"
"Salvado,S",1,"yes"
"Sambo,L",2,"no"
"Sampaio,JO",1,"no"
"Sampaio,M",1,"no"
"Sánchez,ID",1,"no"
"Sanders,K",1,"no"
"Sankaran,S",4,"no"
"Santa,SF",1,"no"
"SantaClara,P",7,"yes"
"Santana,J",1,"no"
"Santana,JJE",1,"no"
"Santana,P",1,"no"
"Santana,R",2,"no"
"Santos,A",4,"no"
"Santos,CD",4,"yes"
"Santos,CM",2,"no"
"Santos,E",1,"no"
"Santos,F",3,"yes"
"Santos,FADN",1,"no"
"Santos,J",1,"no"
"Santos,JAC",19,"yes"
"Santos,JACD",1,"no"
"Santos,JL",8,"no"
"Santos,JR",1,"yes"
"Santos,JV",1,"no"
"Santos,M",1,"no"
"Santos,S",4,"no"
"Santos,SP",2,"no"
"SantosPinto,L",2,"no"
"SantosSilva,JMC",1,"no"
"Saraiva,M",1,"no"
"Sarens,G",1,"no"
"Sarkar,S",2,"no"
"Sarmento,M",3,"yes"
"Savagnago,M",1,"no"
"Scacco,A",2,"no"
"Schernhammer,ES",1,"no"
"Schmeling,M",1,"no"
"Schoar,A",1,"no"
"Scholtern,M",1,"no"
"Schreyögg,J",4,"no"
"Schyns,B",1,"no"
"Seabra,C",6,"yes"
"Seabra,MC",2,"no"
"Seidle,R",1,"no"
"Seita,A",1,"no"
"Seither,J",1,"yes"
"Seixas,G",1,"no"
"Seldeslachts,J",1,"no"
"Sengul,M",1,"no"
"Sequeira,T",1,"yes"
"Seremani,TW",2,"no"
"Serra,AR",1,"no"
"Serra,J",2,"no"
"Severo,M",1,"no"
"Sferrazzo,R",1,"no"
"Sguera,F",1,"no"
"Shamsudeen,M",1,"no"
"Sharma,G",2,"no"
"Shin,D",2,"no"
"Shipton,H",1,"no"
"Shoham,A",1,"no"
"Shuangao,W",1,"no"
"Sialm,C",1,"no"
"Siciliani,L",2,"no"
"Sigot,L",1,"no"
"Silard,A",1,"no"
"Silva,A",1,"yes"
"Silva,AC",9,"yes"
"Silva,AF",1,"no"
"Silva,ÁFD",1,"yes"
"Silva,B",1,"no"
"Silva,C",1,"no"
"Silva,ES",1,"no"
"Silva,G",1,"yes"
"Silva,GM",3,"no"
"Silva,J",1,"no"
"Silva,JMN",1,"no"
"Silva,L",1,"no"
"Silva,MJ",1,"no"
"Silva,N",1,"no"
"Silva,PL",1,"no"
"Silva,RC",4,"yes"
"Silva,SA",1,"no"
"Silva,SAD",1,"no"
"Silva,SVD",1,"no"
"Silva,T",1,"no"
"Silva,VAB",1,"no"
"Silveira,H",2,"no"
"Silverman,D",1,"no"
"Sim,S",2,"yes"
"Simoes,C",1,"no"
"Simões,C",2,"no"
"Simões,I",1,"no"
"Simpson,AV",12,"no"
"Singh,M",1,"no"
"Skarmeas,D",1,"no"
"Smith,W",1,"no"
"Soares,AC",2,"no"
"Soares,C",2,"yes"
"Soares,MJ",1,"no"
"Soares,R",1,"no"
"SoaresLeitão,MJ",1,"no"
"Sobral,F",6,"no"
"Sobreira,N",2,"no"
"Söderlund,J",1,"no"
"SofiaRibeiro,N",1,"no"
"Soković,M",2,"no"
"SolísArce,JS",2,"no"
"Solomin,P",2,"no"
"Sood,N",1,"no"
"Soriano,V",1,"no"
"Sousa,C",2,"no"
"Sousa,CA",1,"yes"
"Sousa,CMP",4,"no"
"Sousa,F",4,"no"
"Sousa,M",7,"yes"
"Sousa,ML",1,"yes"
"Sousa,MSD",1,"no"
"Sousa,RM",1,"no"
"Sousa,T",3,"yes"
"Spahr,RW",2,"no"
"Sparr,JL",2,"no"
"Spiecker,H",1,"no"
"Staehr,K",1,"no"
"Stahl,D",2,"no"
"Stallbaum,G",2,"no"
"Stanek,P",2,"no"
"Stargardt,T",4,"no"
"Starks,L",1,"no"
"Steffens,NK",1,"no"
"Stehrer,R",1,"no"
"Steiner,G",1,"no"
"Stinerock,R",3,"yes"
"Story,J",12,"yes"
"Story,JSP",2,"yes"
"Sturgess,J",1,"no"
"Styles,C",1,"no"
"Suarez,E",1,"no"
"Suarez,J",1,"no"
"Subrahmanyan,S",2,"no"
"Suhomlinova,O",1,"no"
"Susaeta,L",1,"no"
"Syunyaev,G",2,"no"
"Szymanowska,M",1,"no"
"Tabakis,C",2,"yes"
"Talhinhas,P",2,"no"
"Tamoni,A",1,"no"
"Tan,N",1,"no"
"Tarba,S",1,"no"
"Tarba,SY",3,"no"
"Tarta,CP",2,"no"
"Tavares,J",13,"yes"
"Tavares,M",2,"no"
"Taylor,AMR",5,"no"
"Teberga,PMF",1,"no"
"Tejerina,L",1,"no"
"Teles,P",1,"no"
"Telles,JL",1,"no"
"TenreiroMachado,JA",5,"no"
"Testi,LIO",1,"no"
"Tetto,AF",1,"no"
"Thell,V",1,"no"
"Thomakos,D",1,"no"
"Thomson,S",1,"no"
"Tihanyi,L",1,"no"
"Tonin,M",1,"no"
"Torbica,A",3,"no"
"Torres,S",1,"no"
"TovarJalles,J",9,"yes"
"Town,R",1,"no"
"Trigueiros,D",3,"no"
"Trullen,J",1,"no"
"Truninger,M",1,"no"
"Tsinopoulos,C",1,"no"
"Tsoukas,H",2,"no"
"Tumen,S",4,"no"
"Tupinambá,A",2,"no"
"Tureta,C",2,"no"
"UhlBien,M",1,"no"
"Uhlig,H",1,"no"
"Ülkü,S",1,"no"
"Ulu,MF",1,"no"
"Umblijs,J",2,"no"
"Vaccaro,A",1,"no"
"Vaillant,Y",2,"no"
"ValleeAzevedo,J",6,"yes"
"ValleEAzevedo,J",1,"yes"
"Valletti,T",1,"no"
"Valverde,C",2,"no"
"VanBaelen,F",1,"no"
"vanDick,R",1,"no"
"vanDierendonck,D",1,"no"
"VanDierendonck,D",4,"no"
"vanExel,J",3,"no"
"VanOsselaer,SMJ",1,"no"
"VanRossenberg,Y",1,"no"
"Varejão,J",2,"no"
"Varela,D",1,"no"
"Varela,E",3,"no"
"Varghese,NE",2,"no"
"Varkevisser,M",1,"no"
"Vasconcelos,H",1,"no"
"Vasconcelos,L",5,"yes"
"Vaujany,FXD",1,"no"
"Vavdinos,N",1,"no"
"Vaz,A",1,"no"
"Vaz,J",1,"no"
"Veiga,MDRD",1,"no"
"Velez,MJ",6,"yes"
"Velez,MJP",1,"no"
"Venâncio,A",2,"no"
"VendrellHerrero,F",14,"no"
"Verdorfer,AP",1,"no"
"Vergara,RC",1,"no"
"Verhallen,T",1,"yes"
"Vicente,P",5,"yes"
"Vicente,PC",13,"yes"
"Viegas,I",1,"no"
"Vieira,A",2,"no"
"Vieira,DA",1,"no"
"Vieira,DV",1,"no"
"Vieira,RJ",1,"yes"
"VieiradaSilva,C",4,"yes"
"VieiraDaSilva,C",2,"no"
"Vig,V",1,"no"
"Vilares,H",1,"no"
"Vilela,I",2,"yes"
"Villamil,A",1,"no"
"Villiers,C",1,"no"
"Vince,R",2,"no"
"Vitoria,A",1,"no"
"Vitória,A",3,"no"
"VivasConsuelo,D",2,"no"
"VivasOrts,D",1,"no"
"Viveiros,M",2,"no"
"Vlassopoulos,M",1,"no"
"Vo,T",2,"no"
"Vogelsang,I",4,"no"
"Vokáč,M",1,"no"
"vonHafe,F",1,"no"
"Voors,M",2,"no"
"Wagner,E",1,"no"
"Wåhlin,N",1,"no"
"Wang,X",1,"no"
"Warr,M",1,"no"
"Warren,SS",2,"no"
"Weaver,F",3,"no"
"Webster,E",1,"no"
"Weeks,M",1,"no"
"Weisbach,MS",1,"no"
"Weissgerber,SC",1,"no"
"WeymanJones,T",1,"no"
"White,AR",1,"no"
"Wickham,RE",1,"no"
"Wiedeman,NJB",2,"no"
"Wiederhold,M",1,"no"
"Willaert,T",3,"no"
"Wilmot,M",1,"no"
"Wilson,KE",1,"no"
"Winton,A",1,"no"
"Woeter,M",1,"no"
"Wood,G",2,"no"
"Wright,M",1,"no"
"Xufre,P",3,"yes"
"Yam,KC",2,"no"
"Yan,J",1,"no"
"Yang,D",1,"no"
"Yang,T",1,"no"
"Yara,FB",1,"yes"
"Yin,JX",1,"no"
"Yorulmazer,T",2,"no"
"Youssef,C",1,"no"
"Zafar,B",3,"no"
"Zaletel,J",2,"no"
"Zambrana,R",2,"yes"
"Zdzienicka,A",1,"no"
"Zeelenberg,M",1,"no"
"Zejnilovic,L",3,"yes"
"Zemsky,P",1,"no"
"Zenk,L",1,"no"
"Zeydanli,T",4,"yes"
"Zheng,M",1,"no"
"Zhou,Q",1,"no"
"Zilberman,D",1,"no"
"Zivan,I",2,"no"
"Zorina,A",1,"no"
"Zozimo,R",2,"yes"
"Zsurkis,G",2,"no"
